Year,Month,Domestic Debt,External Debt,Total
2021,December,4032368.18,4174371.53,8206739.71
2021,November,4008077.3,4109282.85,8117360.15
2021,October,3959523.3,4083124.54,8042647.84
2021,September,3937777.45,4062504.78,8000282.23
2021,August,3864875.78,4054862.85,7919738.63
2021,July,3792146.89,4020629.3,7812776.19
2021,June,3697093.18,4015299.38,7712392.57
2021,May,3686891.72,3799018.81,7485910.53
2021,April,3632914.8,3778131.44,7411046.24
2021,March,3569840.57,3769866.74,7339707.31
2021,February,3531182.93,3814288.77,7345471.7
2021,January,3532561.52,3819699.66,7352261.18
2020,December,3488541.18,3793285.24,7281826.42
2020,November,3482653.56,3771808.47,7254462.03
2020,October,3457644.63,3705644.24,7163288.87
2020,September,3457106.5,3663491.22,7120597.72
2020,August,3402500.73,3666321.29,7068822.02
2020,July,3273551.44,3638506.49,6912057.93
2020,June,3178421.28,3515810.78,6694232.06
2020,May,3153143.94,3496428.84,6649572.77
2020,April,3119415.8,3317330.98,6436746.77
2020,March,3070189.38,3212634.23,6282823.61
2020,February,3040964.55,3117038.57,6158003.12
2020,January,3003700.3,3112897.95,6116598.25
2019,December,2942103.54,3106822.96,6048926.5
2019,November,2917362.29,3114959.69,6032321.98
2019,October,2897141.36,3127601.26,6024742.62
2019,September,2851639.21,3111767.28,5963406.49
2019,August,2875502.65,3133543.34,6009045.99
2019,July,2843666.89,3160057.46,6003724.35
2019,June,2785483.13,3023139.47,5808622.6
2019,May,2772613.71,2834844.04,5607457.75
2019,April,2740905.64,2842481.02,5583386.66
2019,March,2702933.27,2721597.46,5424530.74
2019,February,2690972.03,2707287.17,5398259.2
2019,January,2604189.4,2729478.57,5333667.97
2018,December,2548768.78,2723734.27,5272503.04
2018,November,2563418.63,2709008.39,5272427.03
2018,October,2535751.89,2654689.44,5190441.33
2018,September,2540833.74,2605334.58,5146168.32
2018,August,2493706.78,2611403.1,5105109.88
2018,July,2513046.5,2601071.15,5114117.65
2018,June,2478835.09,2560199.43,5039034.52
2018,May,2447575.21,2573126.24,5020701.44
2018,April,2415234.64,2562178.53,4977413.17
2018,March,2371650.53,2512430.94,4884081.46
2018,February,2338213.71,2563074.05,4901287.76
2018,January,2247295.02,2377522.47,4624817.49
2017,December,2220345.35,2349284.44,4569629.79
2017,November,2228429.02,2357226.48,4585655.5
2017,October,2188509.46,2353124.93,4541634.39
2017,September,2172835.15,2310198.99,4483034.13
2017,August,2135933.94,2309775.39,4445709.33
2017,July,2123788.59,2305538.33,4429326.92
2017,June,2111710.44,2294735.88,4406446.32
2017,May,2045471.63,2187224.33,4232695.96
2017,April,1979865.65,2167254.83,4147120.48
2017,March,1945253.27,2159068.94,4104322.21
2017,February,1901820.24,1993173.8,3894994.04
2017,January,1894094.99,1992795.15,3886890.14
2016,December,1930855.01,1896443.05,3827298.06
2016,November,1918656.99,1834914.33,3753571.32
2016,October,1872102.82,1844474.96,3716577.78
2016,September,1854554.56,1849019.87,3703574.43
2016,August,1815930.73,1803260.48,3619191.22
2016,July,1808641.64,1797696.38,3606338.02
2016,June,1815470.5,1803256.3,3618726.8
2016,May,1750326.78,1680631.83,3430958.61
2016,April,1689039.25,1685269.16,3374308.41
2016,March,1646527.48,1665578.04,3312105.52
2016,February,1605227.98,1646555.21,3251783.19
2016,January,1522769.88,1654744.49,3177514.38
2015,December,1540579.13,1615184.2,3155763.33
2015,November,1516373.47,1562515.56,3078889.04
2015,October,1454245.39,1490713.76,2944959.15
2015,September,1388262.31,1550232.74,2938495.05
2015,August,1403100.2,1530678.61,2933778.82
2015,July,1418568.23,1473143.7,2891711.93
2015,June,1420444.38,1408613.59,2829057.97
2015,May,1407811.19,1381156.98,2788968.18
2015,April,1415431.51,1326835.19,2742266.71
2015,March,1397125.72,1278107.87,2675233.59
2015,February,1353302.65,1296748.46,2650051.11
2015,January,1334642.8,1163350.79,2497993.59
2014,December,1307748.71,1170696.28,2478444.99
2014,November,1303363.31,1088951.54,2392314.85
2014,October,1254913.42,1088832.15,2343745.57
2014,September,1260874.56,1087827.67,2348702.23
2014,August,1281093.66,1090984.32,2372077.98
2014,July,1296444.73,1089655.77,2386100.5
2014,June,1284327.25,1085928.57,2370255.82
2014,May,1232041.55,957893.23,2189934.78
2014,April,1216759.23,950981.15,2167740.39
2014,March,1231183.1,940402.99,2171586.09
2014,February,1229416.28,937328.35,2166744.63
2014,January,1200901.86,920500.71,2121402.56
2013,December,1189182.59,922369.15,2111551.74
2013,November,1170053.22,912234.31,2082287.54
2013,October,1174782.27,887991.23,2062773.5
2013,September,1168115.36,889313.51,2057428.87
2013,August,1116676.22,887560.0,2004236.22
2013,July,1078604.0,875230.0,1953834.0
2013,June,1050628.57,843562.27,1894190.84
2013,May,1074797.69,832238.14,1907035.82
2013,April,1065609.39,816796.56,1882405.95
2013,March,981910.93,812700.17,1794611.1
2013,February,943750.18,826267.68,1770017.86
2013,January,978335.91,833609.46,1811945.37
2012,December,971265.44,821972.82,1793238.26
2012,November,958438.68,824583.12,1783021.8
2012,October,929321.62,812307.84,1741629.46
2012,September,922196.19,802457.33,1724653.52
2012,August,901934.27,771760.0,1673694.27
2012,July,872160.52,767390.0,1639550.52
2012,June,858829.55,774550.0,1633379.55
2012,May,889056.81,721040.0,1610096.81
2012,April,896036.72,700900.0,1596936.72
2012,March,887871.4,676330.0,1564201.4
2012,February,877292.72,663050.0,1540342.72
2012,January,809278.11,686718.48,1495996.59
2011,December,799880.06,685607.92,1485487.98
2011,November,803894.34,728645.25,1532539.59
2011,October,794565.56,810011.6,1604577.16
2011,September,764274.59,799834.03,1564108.62
2011,August,776852.6,768510.85,1545363.45
2011,July,781713.03,744486.6,1526199.63
2011,June,764222.8,722888.31,1487111.11
2011,May,746574.73,675887.12,1422461.85
2011,April,735460.06,652675.73,1388135.79
2011,March,754048.1,642847.92,1396896.02
2011,February,746670.28,630400.03,1377070.31
2011,January,730197.77,615604.98,1345802.75
2010,December,720207.97,599930.46,1320138.43
2010,November,711448.98,599251.46,1310700.44
2010,October,696132.65,598080.46,1294213.11
2010,September,704702.77,594223.0,1298925.77
2010,August,698047.35,566166.88,1264214.23
2010,July,667803.42,562941.95,1230745.37
2010,June,660267.68,565452.0,1225719.68
2010,May,650261.96,541976.71,1192238.67
2010,April,653614.42,537424.84,1191039.26
2010,March,639116.32,538157.99,1177274.31
2010,February,607512.61,525369.18,1132881.79
2010,January,580721.47,525552.75,1106274.22
2009,December,588970.31,588970.31,1177940.63
2009,November,562926.79,521232.48,1084159.26
2009,October,567125.13,523899.66,1091024.79
2009,September,550613.8,524982.6,1075596.4
2009,August,547182.36,530075.39,1077257.75
2009,July,530400.97,532144.51,1062545.48
2009,June,518346.15,535143.7,1053489.84
2009,May,489234.39,517929.1,1007163.49
2009,April,497450.16,511981.59,1009431.75
2009,March,474749.81,513623.0,988372.81
2009,February,478896.43,514635.34,993531.77
2009,January,454266.44,512475.65,966742.1
2008,December,456227.91,516671.33,972899.25
2008,November,451392.1,450248.35,901640.45
2008,October,454685.97,434487.59,889173.56
2008,September,449333.84,432954.02,882287.86
2008,August,433489.36,433670.73,867160.09
2008,July,428148.13,432808.95,860957.07
2008,June,430611.73,439967.0,870578.73
2008,May,442684.75,429644.66,872329.41
2008,April,437870.94,425992.78,863863.72
2008,March,444736.37,425086.89,869823.26
2008,February,434621.39,425976.18,860597.57
2008,January,432183.9,424205.02,856388.92
2007,December,438059.11,406923.0,844982.11
2007,November,426062.44,424243.21,850305.66
2007,October,418488.14,419738.84,838226.99
2007,September,426821.36,408680.79,835502.14
2007,August,415915.04,409066.12,824981.16
2007,July,410229.01,410512.75,820741.77
2007,June,404690.11,396564.0,801254.11
2007,May,390795.61,419743.45,810539.06
2007,April,390491.89,420265.23,810757.12
2007,March,386287.74,409055.74,795343.48
2007,February,385824.93,416510.41,802335.34
2007,January,378127.61,417467.73,795595.34
2006,December,385121.22,407742.55,792863.77
2006,November,381034.85,424933.07,805967.92
2006,October,375524.02,424414.09,799938.11
2006,September,371591.47,422647.93,794239.41
2006,August,367963.31,431095.63,799058.94
2006,July,364835.71,430667.84,795503.56
2006,June,357838.95,431236.83,789075.78
2006,May,349489.93,406493.69,755983.63
2006,April,348220.36,406531.77,754752.13
2006,March,346064.04,407003.71,753067.75
2006,February,338613.23,407132.44,745745.67
2006,January,333950.84,407544.63,741495.47
2005,December,335001.89,408601.92,743603.81
2005,November,333501.48,417897.89,751399.38
2005,October,332725.65,418417.49,751143.14
2005,September,328799.98,418860.33,747660.31
2005,August,325380.53,434850.69,760231.23
2005,July,324027.42,435399.9,759427.32
2005,June,315572.5,433975.65,749548.15
2005,May,304975.65,423476.45,728452.1
2005,April,307160.62,424345.69,731506.31
2005,March,296330.22,424857.08,721187.3
2005,February,292227.33,445544.58,737771.91
2005,January,291222.66,446226.13,737448.8
2004,December,295374.44,439992.95,735367.39
2004,November,302543.91,454664.42,757208.33
2004,October,301541.3,454539.95,756081.25
2004,September,299745.58,454438.56,754184.14
2004,August,301678.34,444460.66,746138.99
2004,July,303462.12,444611.0,748073.12
2004,June,306234.66,443157.43,749392.09
2004,May,299347.29,408547.54,707894.83
2004,April,301177.37,409950.33,711127.7
2004,March,302023.58,412036.08,714059.66
2004,February,300907.92,407417.62,708325.54
2004,January,299701.26,409158.26,708859.52
2003,December,301190.58,410149.0,711339.58
2003,November,303548.41,406592.25,710140.65
2003,October,301918.96,409359.85,711278.82
2003,September,303252.05,411067.0,714319.05
2003,August,295494.51,397991.28,693485.79
2003,July,292277.47,398532.85,690810.32
2003,June,289376.97,407053.0,696429.97
2003,May,280928.98,361731.2,642660.18
2003,April,276083.44,363605.43,639688.88
2003,March,270716.28,364904.26,635620.54
2003,February,264193.21,367469.4,631662.61
2003,January,263986.33,369051.09,633037.42
2002,December,259828.23,369729.83,629558.06
2002,November,255192.66,371334.71,626527.37
2002,October,251196.67,373140.09,624336.76
2002,September,250808.6,375034.19,625842.79
2002,August,247168.98,376868.51,624037.49
2002,July,242102.05,376712.94,618814.99
2002,June,235991.0,377748.0,613739.0
2002,May,231773.0,378594.34,610367.34
2002,April,233149.0,378475.98,611624.98
2002,March,229167.0,380169.06,609336.06
2002,February,227581.0,381497.47,609078.47
2002,January,222711.0,382302.84,605013.84
2001,December,221984.0,384302.58,606286.58
2001,November,217524.0,386971.92,604495.92
2001,October,225952.0,389276.05,615228.05
2001,September,219165.0,392052.74,611217.74
2001,August,214767.0,392335.83,607102.83
2001,July,205012.0,393491.36,598503.36
2001,June,211812.6,393978.0,605790.6
2001,May,202880.88,408100.64,610981.52
2001,April,210581.44,402308.31,612889.75
2001,March,200622.58,403373.54,603996.12
2001,February,199537.27,402555.4,602092.67
2001,January,193332.95,403645.68,596978.63
2000,December,192665.3,405355.31,598020.61
2000,November,195906.0,400714.45,596620.45
2000,October,195564.0,400203.03,595767.03
2000,September,195520.0,399798.72,595318.72
2000,August,196584.0,395710.06,592294.06
2000,July,202362.0,394667.37,597029.37
2000,June,206127.0,395694.0,601821.0
2000,March,201463.22,396800.0,598263.22
1999,December,190300.0,311953.0,502253.0
1999,September,183417.0,320137.0,503554.0
